Meydan Kohan, 11:38
Meydan Kohan, 11:54
Meydan Kohan, 12:10
Meydan Kohan, 12:26
Meydan Kohan, 12:42
Meydan Kohan, 12:58
Meydan Kohan, 13:14
Meydan Kohan, 13:30
Meydan Kohan, 13:46
Meydan Kohan, 14:02
Meydan Kohan, 14:18
Meydan Kohan, 14:34
Meydan Saat, 11:40
Meydan Saat, 11:56
Meydan Saat, 12:12
Meydan Saat, 12:28
Meydan Saat, 12:44
Meydan Saat, 13:00
Meydan Saat, 13:16
Meydan Saat, 13:32
Meydan Saat, 13:48
Meydan Saat, 14:04
Meydan Saat, 14:20
Meydan Saat, 14:36
Shahid Beheshti, 11:42
Shahid Beheshti, 11:58
Shahid Beheshti, 12:14
Shahid Beheshti, 12:30
Shahid Beheshti, 12:46
Shahid Beheshti, 13:02
Shahid Beheshti, 13:18
Shahid Beheshti, 13:34
Shahid Beheshti, 13:50
Shahid Beheshti, 14:06
Shahid Beheshti, 14:22
Shahid Beheshti, 14:38
Gotb, 11:44
Gotb, 12:00
Gotb, 12:16
Gotb, 12:32
Gotb, 12:48
Gotb, 13:04
Gotb, 13:20
Gotb, 13:36
Gotb, 13:52
Gotb, 14:08
Gotb, 14:24
Gotb, 14:40
Abresan, 11:46
Abresan, 12:02
Abresan, 12:18
Abresan, 12:34
Abresan, 12:50
Abresan, 13:06
Abresan, 13:22
Abresan, 13:38
Abresan, 13:54
Abresan, 14:10
Abresan, 14:26
Abresan, 14:42
Daneshgah, 11:48
Daneshgah, 12:04
Daneshgah, 12:20
Daneshgah, 12:36
Daneshgah, 12:52
Daneshgah, 13:08
Daneshgah, 13:24
Daneshgah, 13:40
Daneshgah, 13:56
Daneshgah, 14:12
Daneshgah, 14:28
Daneshgah, 14:44
Ostad Shahriyar, 11:50
Ostad Shahriyar, 12:06
Ostad Shahriyar, 12:22
Ostad Shahriyar, 12:38
Ostad Shahriyar, 12:54
Ostad Shahriyar, 13:10
Ostad Shahriyar, 13:26
Ostad Shahriyar, 13:42
Ostad Shahriyar, 13:58
Ostad Shahriyar, 14:14
Ostad Shahriyar, 14:30
Ostad Shahriyar, 14:46
29 Bahman, 11:52
29 Bahman, 12:08
29 Bahman, 12:24
29 Bahman, 12:40
29 Bahman, 12:56
29 Bahman, 13:12
29 Bahman, 13:28
29 Bahman, 13:44
29 Bahman, 14:00
29 Bahman, 14:16
29 Bahman, 14:32
29 Bahman, 14:48
Khayyam, 11:54
Khayyam, 12:10
Khayyam, 12:26
Khayyam, 12:42
Khayyam, 12:58
Khayyam, 13:14
Khayyam, 13:30
Khayyam, 13:46
Khayyam, 14:02
Khayyam, 14:18
Khayyam, 14:34
Khayyam, 14:50
Imam Reza, 11:56
Imam Reza, 12:12
Imam Reza, 12:28
Imam Reza, 12:44
Imam Reza, 13:00
Imam Reza, 13:16
Imam Reza, 13:32
Imam Reza, 13:48
Imam Reza, 14:04
Imam Reza, 14:20
Imam Reza, 14:36
Imam Reza, 14:52
Sahand, 11:58
Sahand, 12:14
Sahand, 12:30
Sahand, 12:46
Sahand, 13:02
Sahand, 13:18
Sahand, 13:34
Sahand, 13:50
Sahand, 14:06
Sahand, 14:22
Sahand, 14:38
Sahand, 14:54
El-Goli, 12:01
El-Goli, 12:17
El-Goli, 12:33
El-Goli, 12:49
El-Goli, 13:05
El-Goli, 13:21
El-Goli, 13:37
El-Goli, 13:53
El-Goli, 14:09
El-Goli, 14:25
El-Goli, 14:41
El-Goli, 14:57
