Meydan Kohan, 06:34
Meydan Kohan, 06:50
Meydan Kohan, 07:06
Meydan Kohan, 07:22
Meydan Kohan, 07:38
Meydan Kohan, 07:54
Meydan Kohan, 08:10
Meydan Kohan, 08:26
Meydan Kohan, 08:42
Meydan Kohan, 08:58
Meydan Kohan, 09:14
Meydan Kohan, 09:30
Meydan Kohan, 09:46
Meydan Kohan, 10:02
Meydan Kohan, 10:18
Meydan Kohan, 10:34
Meydan Kohan, 10:50
Meydan Kohan, 11:06
Meydan Kohan, 11:22
Meydan Kohan, 11:38
Meydan Kohan, 11:54
Meydan Kohan, 12:10
Meydan Kohan, 12:26
Meydan Kohan, 12:42
Meydan Kohan, 12:58
Meydan Kohan, 13:14
Meydan Kohan, 13:30
Meydan Kohan, 13:46
Meydan Kohan, 14:02
Meydan Kohan, 14:18
Meydan Kohan, 14:34
Meydan Kohan, 14:50
Meydan Kohan, 15:06
Meydan Kohan, 15:22
Meydan Kohan, 15:38
Meydan Kohan, 15:54
Meydan Kohan, 16:10
Meydan Kohan, 16:26
Meydan Kohan, 16:42
Meydan Kohan, 16:58
Meydan Kohan, 17:14
Meydan Kohan, 17:30
Meydan Kohan, 17:46
Meydan Kohan, 18:02
Meydan Kohan, 18:18
Meydan Kohan, 18:34
Meydan Kohan, 18:50
Meydan Kohan, 19:06
Meydan Kohan, 19:22
Meydan Kohan, 19:38
Meydan Kohan, 19:54
Meydan Kohan, 20:12
Meydan Kohan, 20:30
Meydan Saat, 06:36
Meydan Saat, 06:52
Meydan Saat, 07:08
Meydan Saat, 07:24
Meydan Saat, 07:40
Meydan Saat, 07:56
Meydan Saat, 08:12
Meydan Saat, 08:28
Meydan Saat, 08:44
Meydan Saat, 09:00
Meydan Saat, 09:16
Meydan Saat, 09:32
Meydan Saat, 09:48
Meydan Saat, 10:04
Meydan Saat, 10:20
Meydan Saat, 10:36
Meydan Saat, 10:52
Meydan Saat, 11:08
Meydan Saat, 11:24
Meydan Saat, 11:40
Meydan Saat, 11:56
Meydan Saat, 12:12
Meydan Saat, 12:28
Meydan Saat, 12:44
Meydan Saat, 13:00
Meydan Saat, 13:16
Meydan Saat, 13:32
Meydan Saat, 13:48
Meydan Saat, 14:04
Meydan Saat, 14:20
Meydan Saat, 14:36
Meydan Saat, 14:52
Meydan Saat, 15:08
Meydan Saat, 15:24
Meydan Saat, 15:40
Meydan Saat, 15:56
Meydan Saat, 16:12
Meydan Saat, 16:28
Meydan Saat, 16:44
Meydan Saat, 17:00
Meydan Saat, 17:16
Meydan Saat, 17:32
Meydan Saat, 17:48
Meydan Saat, 18:04
Meydan Saat, 18:20
Meydan Saat, 18:36
Meydan Saat, 18:52
Meydan Saat, 19:08
Meydan Saat, 19:24
Meydan Saat, 19:40
Meydan Saat, 19:56
Meydan Saat, 20:14
Meydan Saat, 20:32
Shahid Beheshti, 06:38
Shahid Beheshti, 06:54
Shahid Beheshti, 07:10
Shahid Beheshti, 07:26
Shahid Beheshti, 07:42
Shahid Beheshti, 07:58
Shahid Beheshti, 08:14
Shahid Beheshti, 08:30
Shahid Beheshti, 08:46
Shahid Beheshti, 09:02
Shahid Beheshti, 09:18
Shahid Beheshti, 09:34
Shahid Beheshti, 09:50
Shahid Beheshti, 10:06
Shahid Beheshti, 10:22
Shahid Beheshti, 10:38
Shahid Beheshti, 10:54
Shahid Beheshti, 11:10
Shahid Beheshti, 11:26
Shahid Beheshti, 11:42
Shahid Beheshti, 11:58
Shahid Beheshti, 12:14
Shahid Beheshti, 12:30
Shahid Beheshti, 12:46
Shahid Beheshti, 13:02
Shahid Beheshti, 13:18
Shahid Beheshti, 13:34
Shahid Beheshti, 13:50
Shahid Beheshti, 14:06
Shahid Beheshti, 14:22
Shahid Beheshti, 14:38
Shahid Beheshti, 14:54
Shahid Beheshti, 15:10
Shahid Beheshti, 15:26
Shahid Beheshti, 15:42
Shahid Beheshti, 15:58
Shahid Beheshti, 16:14
Shahid Beheshti, 16:30
Shahid Beheshti, 16:46
Shahid Beheshti, 17:02
Shahid Beheshti, 17:18
Shahid Beheshti, 17:34
Shahid Beheshti, 17:50
Shahid Beheshti, 18:06
Shahid Beheshti, 18:22
Shahid Beheshti, 18:38
Shahid Beheshti, 18:54
Shahid Beheshti, 19:10
Shahid Beheshti, 19:26
Shahid Beheshti, 19:42
Shahid Beheshti, 19:58
Shahid Beheshti, 20:16
Shahid Beheshti, 20:34
Gotb, 06:40
Gotb, 06:56
Gotb, 07:12
Gotb, 07:28
Gotb, 07:44
Gotb, 08:00
Gotb, 08:16
Gotb, 08:32
Gotb, 08:48
Gotb, 09:04
Gotb, 09:20
Gotb, 09:36
Gotb, 09:52
Gotb, 10:08
Gotb, 10:24
Gotb, 10:40
Gotb, 10:56
Gotb, 11:12
Gotb, 11:28
Gotb, 11:44
Gotb, 12:00
Gotb, 12:16
Gotb, 12:32
Gotb, 12:48
Gotb, 13:04
Gotb, 13:20
Gotb, 13:36
Gotb, 13:52
Gotb, 14:08
Gotb, 14:24
Gotb, 14:40
Gotb, 14:56
Gotb, 15:12
Gotb, 15:28
Gotb, 15:44
Gotb, 16:00
Gotb, 16:16
Gotb, 16:32
Gotb, 16:48
Gotb, 17:04
Gotb, 17:20
Gotb, 17:36
Gotb, 17:52
Gotb, 18:08
Gotb, 18:24
Gotb, 18:40
Gotb, 18:56
Gotb, 19:12
Gotb, 19:28
Gotb, 19:44
Gotb, 20:00
Gotb, 20:18
Gotb, 20:36
Abresan, 06:42
Abresan, 06:58
Abresan, 07:14
Abresan, 07:30
Abresan, 07:46
Abresan, 08:02
Abresan, 08:18
Abresan, 08:34
Abresan, 08:50
Abresan, 09:06
Abresan, 09:22
Abresan, 09:38
Abresan, 09:54
Abresan, 10:10
Abresan, 10:26
Abresan, 10:42
Abresan, 10:58
Abresan, 11:14
Abresan, 11:30
Abresan, 11:46
Abresan, 12:02
Abresan, 12:18
Abresan, 12:34
Abresan, 12:50
Abresan, 13:06
Abresan, 13:22
Abresan, 13:38
Abresan, 13:54
Abresan, 14:10
Abresan, 14:26
Abresan, 14:42
Abresan, 14:58
Abresan, 15:14
Abresan, 15:30
Abresan, 15:46
Abresan, 16:02
Abresan, 16:18
Abresan, 16:34
Abresan, 16:50
Abresan, 17:06
Abresan, 17:22
Abresan, 17:38
Abresan, 17:54
Abresan, 18:10
Abresan, 18:26
Abresan, 18:42
Abresan, 18:58
Abresan, 19:14
Abresan, 19:30
Abresan, 19:46
Abresan, 20:02
Abresan, 20:20
Abresan, 20:38
Daneshgah, 06:44
Daneshgah, 07:00
Daneshgah, 07:16
Daneshgah, 07:32
Daneshgah, 07:48
Daneshgah, 08:04
Daneshgah, 08:20
Daneshgah, 08:36
Daneshgah, 08:52
Daneshgah, 09:08
Daneshgah, 09:24
Daneshgah, 09:40
Daneshgah, 09:56
Daneshgah, 10:12
Daneshgah, 10:28
Daneshgah, 10:44
Daneshgah, 11:00
Daneshgah, 11:16
Daneshgah, 11:32
Daneshgah, 11:48
Daneshgah, 12:04
Daneshgah, 12:20
Daneshgah, 12:36
Daneshgah, 12:52
Daneshgah, 13:08
Daneshgah, 13:24
Daneshgah, 13:40
Daneshgah, 13:56
Daneshgah, 14:12
Daneshgah, 14:28
Daneshgah, 14:44
Daneshgah, 15:00
Daneshgah, 15:16
Daneshgah, 15:32
Daneshgah, 15:48
Daneshgah, 16:04
Daneshgah, 16:20
Daneshgah, 16:36
Daneshgah, 16:52
Daneshgah, 17:08
Daneshgah, 17:24
Daneshgah, 17:40
Daneshgah, 17:56
Daneshgah, 18:12
Daneshgah, 18:28
Daneshgah, 18:44
Daneshgah, 19:00
Daneshgah, 19:16
Daneshgah, 19:32
Daneshgah, 19:48
Daneshgah, 20:04
Daneshgah, 20:22
Daneshgah, 20:40
Ostad Shahriyar, 06:46
Ostad Shahriyar, 07:02
Ostad Shahriyar, 07:18
Ostad Shahriyar, 07:34
Ostad Shahriyar, 07:50
Ostad Shahriyar, 08:06
Ostad Shahriyar, 08:22
Ostad Shahriyar, 08:38
Ostad Shahriyar, 08:54
Ostad Shahriyar, 09:10
Ostad Shahriyar, 09:26
Ostad Shahriyar, 09:42
Ostad Shahriyar, 09:58
Ostad Shahriyar, 10:14
Ostad Shahriyar, 10:30
Ostad Shahriyar, 10:46
Ostad Shahriyar, 11:02
Ostad Shahriyar, 11:18
Ostad Shahriyar, 11:34
Ostad Shahriyar, 11:50
Ostad Shahriyar, 12:06
Ostad Shahriyar, 12:22
Ostad Shahriyar, 12:38
Ostad Shahriyar, 12:54
Ostad Shahriyar, 13:10
Ostad Shahriyar, 13:26
Ostad Shahriyar, 13:42
Ostad Shahriyar, 13:58
Ostad Shahriyar, 14:14
Ostad Shahriyar, 14:30
Ostad Shahriyar, 14:46
Ostad Shahriyar, 15:02
Ostad Shahriyar, 15:18
Ostad Shahriyar, 15:34
Ostad Shahriyar, 15:50
Ostad Shahriyar, 16:06
Ostad Shahriyar, 16:22
Ostad Shahriyar, 16:38
Ostad Shahriyar, 16:54
Ostad Shahriyar, 17:10
Ostad Shahriyar, 17:26
Ostad Shahriyar, 17:42
Ostad Shahriyar, 17:58
Ostad Shahriyar, 18:14
Ostad Shahriyar, 18:30
Ostad Shahriyar, 18:46
Ostad Shahriyar, 19:02
Ostad Shahriyar, 19:18
Ostad Shahriyar, 19:34
Ostad Shahriyar, 19:50
Ostad Shahriyar, 20:06
Ostad Shahriyar, 20:24
Ostad Shahriyar, 20:42
29 Bahman, 06:48
29 Bahman, 07:04
29 Bahman, 07:20
29 Bahman, 07:36
29 Bahman, 07:52
29 Bahman, 08:08
29 Bahman, 08:24
29 Bahman, 08:40
29 Bahman, 08:56
29 Bahman, 09:12
29 Bahman, 09:28
29 Bahman, 09:44
29 Bahman, 10:00
29 Bahman, 10:16
29 Bahman, 10:32
29 Bahman, 10:48
29 Bahman, 11:04
29 Bahman, 11:20
29 Bahman, 11:36
29 Bahman, 11:52
29 Bahman, 12:08
29 Bahman, 12:24
29 Bahman, 12:40
29 Bahman, 12:56
29 Bahman, 13:12
29 Bahman, 13:28
29 Bahman, 13:44
29 Bahman, 14:00
29 Bahman, 14:16
29 Bahman, 14:32
29 Bahman, 14:48
29 Bahman, 15:04
29 Bahman, 15:20
29 Bahman, 15:36
29 Bahman, 15:52
29 Bahman, 16:08
29 Bahman, 16:24
29 Bahman, 16:40
29 Bahman, 16:56
29 Bahman, 17:12
29 Bahman, 17:28
29 Bahman, 17:44
29 Bahman, 18:00
29 Bahman, 18:16
29 Bahman, 18:32
29 Bahman, 18:48
29 Bahman, 19:04
29 Bahman, 19:20
29 Bahman, 19:36
29 Bahman, 19:52
29 Bahman, 20:08
29 Bahman, 20:26
29 Bahman, 20:44
Khayyam, 06:50
Khayyam, 07:06
Khayyam, 07:22
Khayyam, 07:38
Khayyam, 07:54
Khayyam, 08:10
Khayyam, 08:26
Khayyam, 08:42
Khayyam, 08:58
Khayyam, 09:14
Khayyam, 09:30
Khayyam, 09:46
Khayyam, 10:02
Khayyam, 10:18
Khayyam, 10:34
Khayyam, 10:50
Khayyam, 11:06
Khayyam, 11:22
Khayyam, 11:38
Khayyam, 11:54
Khayyam, 12:10
Khayyam, 12:26
Khayyam, 12:42
Khayyam, 12:58
Khayyam, 13:14
Khayyam, 13:30
Khayyam, 13:46
Khayyam, 14:02
Khayyam, 14:18
Khayyam, 14:34
Khayyam, 14:50
Khayyam, 15:06
Khayyam, 15:22
Khayyam, 15:38
Khayyam, 15:54
Khayyam, 16:10
Khayyam, 16:26
Khayyam, 16:42
Khayyam, 16:58
Khayyam, 17:14
Khayyam, 17:30
Khayyam, 17:46
Khayyam, 18:02
Khayyam, 18:18
Khayyam, 18:34
Khayyam, 18:50
Khayyam, 19:06
Khayyam, 19:22
Khayyam, 19:38
Khayyam, 19:54
Khayyam, 20:10
Khayyam, 20:28
Khayyam, 20:46
Imam Reza, 06:52
Imam Reza, 07:08
Imam Reza, 07:24
Imam Reza, 07:40
Imam Reza, 07:56
Imam Reza, 08:12
Imam Reza, 08:28
Imam Reza, 08:44
Imam Reza, 09:00
Imam Reza, 09:16
Imam Reza, 09:32
Imam Reza, 09:48
Imam Reza, 10:04
Imam Reza, 10:20
Imam Reza, 10:36
Imam Reza, 10:52
Imam Reza, 11:08
Imam Reza, 11:24
Imam Reza, 11:40
Imam Reza, 11:56
Imam Reza, 12:12
Imam Reza, 12:28
Imam Reza, 12:44
Imam Reza, 13:00
Imam Reza, 13:16
Imam Reza, 13:32
Imam Reza, 13:48
Imam Reza, 14:04
Imam Reza, 14:20
Imam Reza, 14:36
Imam Reza, 14:52
Imam Reza, 15:08
Imam Reza, 15:24
Imam Reza, 15:40
Imam Reza, 15:56
Imam Reza, 16:12
Imam Reza, 16:28
Imam Reza, 16:44
Imam Reza, 17:00
Imam Reza, 17:16
Imam Reza, 17:32
Imam Reza, 17:48
Imam Reza, 18:04
Imam Reza, 18:20
Imam Reza, 18:36
Imam Reza, 18:52
Imam Reza, 19:08
Imam Reza, 19:24
Imam Reza, 19:40
Imam Reza, 19:56
Imam Reza, 20:12
Imam Reza, 20:30
Imam Reza, 20:48
Sahand, 06:54
Sahand, 07:10
Sahand, 07:26
Sahand, 07:42
Sahand, 07:58
Sahand, 08:14
Sahand, 08:30
Sahand, 08:46
Sahand, 09:02
Sahand, 09:18
Sahand, 09:34
Sahand, 09:50
Sahand, 10:06
Sahand, 10:22
Sahand, 10:38
Sahand, 10:54
Sahand, 11:10
Sahand, 11:26
Sahand, 11:42
Sahand, 11:58
Sahand, 12:14
Sahand, 12:30
Sahand, 12:46
Sahand, 13:02
Sahand, 13:18
Sahand, 13:34
Sahand, 13:50
Sahand, 14:06
Sahand, 14:22
Sahand, 14:38
Sahand, 14:54
Sahand, 15:10
Sahand, 15:26
Sahand, 15:42
Sahand, 15:58
Sahand, 16:14
Sahand, 16:30
Sahand, 16:46
Sahand, 17:02
Sahand, 17:18
Sahand, 17:34
Sahand, 17:50
Sahand, 18:06
Sahand, 18:22
Sahand, 18:38
Sahand, 18:54
Sahand, 19:10
Sahand, 19:26
Sahand, 19:42
Sahand, 19:58
Sahand, 20:14
Sahand, 20:32
Sahand, 20:50
El-Goli, 06:57
El-Goli, 07:13
El-Goli, 07:29
El-Goli, 07:45
El-Goli, 08:01
El-Goli, 08:17
El-Goli, 08:33
El-Goli, 08:49
El-Goli, 09:05
El-Goli, 09:21
El-Goli, 09:37
El-Goli, 09:53
El-Goli, 10:09
El-Goli, 10:25
El-Goli, 10:41
El-Goli, 10:57
El-Goli, 11:13
El-Goli, 11:29
El-Goli, 11:45
El-Goli, 12:01
El-Goli, 12:17
El-Goli, 12:33
El-Goli, 12:49
El-Goli, 13:05
El-Goli, 13:21
El-Goli, 13:37
El-Goli, 13:53
El-Goli, 14:09
El-Goli, 14:25
El-Goli, 14:41
El-Goli, 14:57
El-Goli, 15:13
El-Goli, 15:29
El-Goli, 15:45
El-Goli, 16:01
El-Goli, 16:17
El-Goli, 16:33
El-Goli, 16:49
El-Goli, 17:05
El-Goli, 17:21
El-Goli, 17:37
El-Goli, 17:53
El-Goli, 18:09
El-Goli, 18:25
El-Goli, 18:41
El-Goli, 18:57
El-Goli, 19:13
El-Goli, 19:29
El-Goli, 19:45
El-Goli, 20:01
El-Goli, 20:17
El-Goli, 20:35
El-Goli, 20:53
