El-Goli, 11:30
El-Goli, 11:46
El-Goli, 12:02
El-Goli, 12:18
El-Goli, 12:34
El-Goli, 12:50
El-Goli, 13:06
El-Goli, 13:22
El-Goli, 13:38
El-Goli, 13:54
El-Goli, 14:10
El-Goli, 14:26
Sahand, 11:33
Sahand, 11:49
Sahand, 12:05
Sahand, 12:21
Sahand, 12:37
Sahand, 12:53
Sahand, 13:09
Sahand, 13:25
Sahand, 13:41
Sahand, 13:57
Sahand, 14:13
Sahand, 14:29
Imam Reza, 11:35
Imam Reza, 11:51
Imam Reza, 12:07
Imam Reza, 12:23
Imam Reza, 12:39
Imam Reza, 12:55
Imam Reza, 13:11
Imam Reza, 13:27
Imam Reza, 13:43
Imam Reza, 13:59
Imam Reza, 14:15
Imam Reza, 14:31
Khayyam, 11:37
Khayyam, 11:53
Khayyam, 12:09
Khayyam, 12:25
Khayyam, 12:41
Khayyam, 12:57
Khayyam, 13:13
Khayyam, 13:29
Khayyam, 13:45
Khayyam, 14:01
Khayyam, 14:17
Khayyam, 14:33
29 Bahman, 11:39
29 Bahman, 11:55
29 Bahman, 12:11
29 Bahman, 12:27
29 Bahman, 12:43
29 Bahman, 12:59
29 Bahman, 13:15
29 Bahman, 13:31
29 Bahman, 13:47
29 Bahman, 14:03
29 Bahman, 14:19
29 Bahman, 14:35
Ostad Shahriyar, 11:41
Ostad Shahriyar, 11:57
Ostad Shahriyar, 12:13
Ostad Shahriyar, 12:29
Ostad Shahriyar, 12:45
Ostad Shahriyar, 13:01
Ostad Shahriyar, 13:17
Ostad Shahriyar, 13:33
Ostad Shahriyar, 13:49
Ostad Shahriyar, 14:05
Ostad Shahriyar, 14:21
Ostad Shahriyar, 14:37
Daneshgah, 11:43
Daneshgah, 11:59
Daneshgah, 12:15
Daneshgah, 12:31
Daneshgah, 12:47
Daneshgah, 13:03
Daneshgah, 13:19
Daneshgah, 13:35
Daneshgah, 13:51
Daneshgah, 14:07
Daneshgah, 14:23
Daneshgah, 14:39
Abresan, 11:45
Abresan, 12:01
Abresan, 12:17
Abresan, 12:33
Abresan, 12:49
Abresan, 13:05
Abresan, 13:21
Abresan, 13:37
Abresan, 13:53
Abresan, 14:09
Abresan, 14:25
Abresan, 14:41
Gotb, 11:47
Gotb, 12:03
Gotb, 12:19
Gotb, 12:35
Gotb, 12:51
Gotb, 13:07
Gotb, 13:23
Gotb, 13:39
Gotb, 13:55
Gotb, 14:11
Gotb, 14:27
Gotb, 14:43
Shahid Beheshti, 11:49
Shahid Beheshti, 12:05
Shahid Beheshti, 12:21
Shahid Beheshti, 12:37
Shahid Beheshti, 12:53
Shahid Beheshti, 13:09
Shahid Beheshti, 13:25
Shahid Beheshti, 13:41
Shahid Beheshti, 13:57
Shahid Beheshti, 14:13
Shahid Beheshti, 14:29
Shahid Beheshti, 14:45
Meydan Saat, 11:51
Meydan Saat, 12:07
Meydan Saat, 12:23
Meydan Saat, 12:39
Meydan Saat, 12:55
Meydan Saat, 13:11
Meydan Saat, 13:27
Meydan Saat, 13:43
Meydan Saat, 13:59
Meydan Saat, 14:15
Meydan Saat, 14:31
Meydan Saat, 14:47
Meydan Kohan, 11:53
Meydan Kohan, 12:09
Meydan Kohan, 12:25
Meydan Kohan, 12:41
Meydan Kohan, 12:57
Meydan Kohan, 13:13
Meydan Kohan, 13:29
Meydan Kohan, 13:45
Meydan Kohan, 14:01
Meydan Kohan, 14:17
Meydan Kohan, 14:33
Meydan Kohan, 14:49
