Station, Time
El-Goli, 06:26
El-Goli, 06:42
El-Goli, 06:58
El-Goli, 07:14
El-Goli, 07:30
El-Goli, 07:46
El-Goli, 08:02
El-Goli, 08:18
El-Goli, 08:34
El-Goli, 08:50
El-Goli, 09:06
El-Goli, 09:22
El-Goli, 09:38
El-Goli, 09:54
El-Goli, 10:10
El-Goli, 10:26
El-Goli, 10:42
El-Goli, 10:58
El-Goli, 11:14
El-Goli, 11:30
El-Goli, 11:46
El-Goli, 12:02
El-Goli, 12:18
El-Goli, 12:34
El-Goli, 12:50
El-Goli, 13:06
El-Goli, 13:22
El-Goli, 13:38
El-Goli, 13:54
El-Goli, 14:10
El-Goli, 14:26
El-Goli, 14:42
El-Goli, 14:58
El-Goli, 15:14
El-Goli, 15:30
El-Goli, 15:46
El-Goli, 16:02
El-Goli, 16:18
El-Goli, 16:34
El-Goli, 16:50
El-Goli, 17:06
El-Goli, 17:22
El-Goli, 17:38
El-Goli, 17:54
El-Goli, 18:10
El-Goli, 18:26
El-Goli, 18:42
El-Goli, 18:58
El-Goli, 19:14
El-Goli, 19:30
El-Goli, 19:46
El-Goli, 20:04
Sahand, 06:29
Sahand, 06:45
Sahand, 07:01
Sahand, 07:17
Sahand, 07:33
Sahand, 07:49
Sahand, 08:05
Sahand, 08:21
Sahand, 08:37
Sahand, 08:53
Sahand, 09:09
Sahand, 09:25
Sahand, 09:41
Sahand, 09:57
Sahand, 10:13
Sahand, 10:29
Sahand, 10:45
Sahand, 11:01
Sahand, 11:17
Sahand, 11:33
Sahand, 11:49
Sahand, 12:05
Sahand, 12:21
Sahand, 12:37
Sahand, 12:53
Sahand, 13:09
Sahand, 13:25
Sahand, 13:41
Sahand, 13:57
Sahand, 14:13
Sahand, 14:29
Sahand, 14:45
Sahand, 15:01
Sahand, 15:17
Sahand, 15:33
Sahand, 15:49
Sahand, 16:05
Sahand, 16:21
Sahand, 16:37
Sahand, 16:53
Sahand, 17:09
Sahand, 17:25
Sahand, 17:41
Sahand, 17:57
Sahand, 18:13
Sahand, 18:29
Sahand, 18:45
Sahand, 19:01
Sahand, 19:17
Sahand, 19:33
Sahand, 19:49
Sahand, 20:07
Imam Reza, 06:31
Imam Reza, 06:47
Imam Reza, 07:03
Imam Reza, 07:19
Imam Reza, 07:35
Imam Reza, 07:51
Imam Reza, 08:07
Imam Reza, 08:23
Imam Reza, 08:39
Imam Reza, 08:55
Imam Reza, 09:11
Imam Reza, 09:27
Imam Reza, 09:43
Imam Reza, 09:59
Imam Reza, 10:15
Imam Reza, 10:31
Imam Reza, 10:47
Imam Reza, 11:03
Imam Reza, 11:19
Imam Reza, 11:35
Imam Reza, 11:51
Imam Reza, 12:07
Imam Reza, 12:23
Imam Reza, 12:39
Imam Reza, 12:55
Imam Reza, 13:11
Imam Reza, 13:27
Imam Reza, 13:43
Imam Reza, 13:59
Imam Reza, 14:15
Imam Reza, 14:31
Imam Reza, 14:47
Imam Reza, 15:03
Imam Reza, 15:19
Imam Reza, 15:35
Imam Reza, 15:51
Imam Reza, 16:07
Imam Reza, 16:23
Imam Reza, 16:39
Imam Reza, 16:55
Imam Reza, 17:11
Imam Reza, 17:27
Imam Reza, 17:43
Imam Reza, 17:59
Imam Reza, 18:15
Imam Reza, 18:31
Imam Reza, 18:47
Imam Reza, 19:03
Imam Reza, 19:19
Imam Reza, 19:35
Imam Reza, 19:51
Imam Reza, 20:09
Khayyam, 06:33
Khayyam, 06:49
Khayyam, 07:05
Khayyam, 07:21
Khayyam, 07:37
Khayyam, 07:53
Khayyam, 08:09
Khayyam, 08:25
Khayyam, 08:41
Khayyam, 08:57
Khayyam, 09:13
Khayyam, 09:29
Khayyam, 09:45
Khayyam, 10:01
Khayyam, 10:17
Khayyam, 10:33
Khayyam, 10:49
Khayyam, 11:05
Khayyam, 11:21
Khayyam, 11:37
Khayyam, 11:53
Khayyam, 12:09
Khayyam, 12:25
Khayyam, 12:41
Khayyam, 12:57
Khayyam, 13:13
Khayyam, 13:29
Khayyam, 13:45
Khayyam, 14:01
Khayyam, 14:17
Khayyam, 14:33
Khayyam, 14:49
Khayyam, 15:05
Khayyam, 15:21
Khayyam, 15:37
Khayyam, 15:53
Khayyam, 16:09
Khayyam, 16:25
Khayyam, 16:41
Khayyam, 16:57
Khayyam, 17:13
Khayyam, 17:29
Khayyam, 17:45
Khayyam, 18:01
Khayyam, 18:17
Khayyam, 18:33
Khayyam, 18:49
Khayyam, 19:05
Khayyam, 19:21
Khayyam, 19:37
Khayyam, 19:53
Khayyam, 20:11
29 Bahman, 06:35
29 Bahman, 06:51
29 Bahman, 07:07
29 Bahman, 07:23
29 Bahman, 07:39
29 Bahman, 07:55
29 Bahman, 08:11
29 Bahman, 08:27
29 Bahman, 08:43
29 Bahman, 08:59
29 Bahman, 09:15
29 Bahman, 09:31
29 Bahman, 09:47
29 Bahman, 10:03
29 Bahman, 10:19
29 Bahman, 10:35
29 Bahman, 10:51
29 Bahman, 11:07
29 Bahman, 11:23
29 Bahman, 11:39
29 Bahman, 11:55
29 Bahman, 12:11
29 Bahman, 12:27
29 Bahman, 12:43
29 Bahman, 12:59
29 Bahman, 13:15
29 Bahman, 13:31
29 Bahman, 13:47
29 Bahman, 14:03
29 Bahman, 14:19
29 Bahman, 14:35
29 Bahman, 14:51
29 Bahman, 15:07
29 Bahman, 15:23
29 Bahman, 15:39
29 Bahman, 15:55
29 Bahman, 16:11
29 Bahman, 16:27
29 Bahman, 16:43
29 Bahman, 16:59
29 Bahman, 17:15
29 Bahman, 17:31
29 Bahman, 17:47
29 Bahman, 18:03
29 Bahman, 18:19
29 Bahman, 18:35
29 Bahman, 18:51
29 Bahman, 19:07
29 Bahman, 19:23
29 Bahman, 19:39
29 Bahman, 19:55
29 Bahman, 20:13
Ostad Shahriyar, 06:37
Ostad Shahriyar, 06:53
Ostad Shahriyar, 07:09
Ostad Shahriyar, 07:25
Ostad Shahriyar, 07:41
Ostad Shahriyar, 07:57
Ostad Shahriyar, 08:13
Ostad Shahriyar, 08:29
Ostad Shahriyar, 08:45
Ostad Shahriyar, 09:01
Ostad Shahriyar, 09:17
Ostad Shahriyar, 09:33
Ostad Shahriyar, 09:49
Ostad Shahriyar, 10:05
Ostad Shahriyar, 10:21
Ostad Shahriyar, 10:37
Ostad Shahriyar, 10:53
Ostad Shahriyar, 11:09
Ostad Shahriyar, 11:25
Ostad Shahriyar, 11:41
Ostad Shahriyar, 11:57
Ostad Shahriyar, 12:13
Ostad Shahriyar, 12:29
Ostad Shahriyar, 12:45
Ostad Shahriyar, 13:01
Ostad Shahriyar, 13:17
Ostad Shahriyar, 13:33
Ostad Shahriyar, 13:49
Ostad Shahriyar, 14:05
Ostad Shahriyar, 14:21
Ostad Shahriyar, 14:37
Ostad Shahriyar, 14:53
Ostad Shahriyar, 15:09
Ostad Shahriyar, 15:25
Ostad Shahriyar, 15:41
Ostad Shahriyar, 15:57
Ostad Shahriyar, 16:13
Ostad Shahriyar, 16:29
Ostad Shahriyar, 16:45
Ostad Shahriyar, 17:01
Ostad Shahriyar, 17:17
Ostad Shahriyar, 17:33
Ostad Shahriyar, 17:49
Ostad Shahriyar, 18:05
Ostad Shahriyar, 18:21
Ostad Shahriyar, 18:37
Ostad Shahriyar, 18:53
Ostad Shahriyar, 19:09
Ostad Shahriyar, 19:25
Ostad Shahriyar, 19:41
Ostad Shahriyar, 19:57
Ostad Shahriyar, 20:15
Daneshgah, 06:39
Daneshgah, 06:55
Daneshgah, 07:11
Daneshgah, 07:27
Daneshgah, 07:43
Daneshgah, 07:59
Daneshgah, 08:15
Daneshgah, 08:31
Daneshgah, 08:47
Daneshgah, 09:03
Daneshgah, 09:19
Daneshgah, 09:35
Daneshgah, 09:51
Daneshgah, 10:07
Daneshgah, 10:23
Daneshgah, 10:39
Daneshgah, 10:55
Daneshgah, 11:11
Daneshgah, 11:27
Daneshgah, 11:43
Daneshgah, 11:59
Daneshgah, 12:15
Daneshgah, 12:31
Daneshgah, 12:47
Daneshgah, 13:03
Daneshgah, 13:19
Daneshgah, 13:35
Daneshgah, 13:51
Daneshgah, 14:07
Daneshgah, 14:23
Daneshgah, 14:39
Daneshgah, 14:55
Daneshgah, 15:11
Daneshgah, 15:27
Daneshgah, 15:43
Daneshgah, 15:59
Daneshgah, 16:15
Daneshgah, 16:31
Daneshgah, 16:47
Daneshgah, 17:03
Daneshgah, 17:19
Daneshgah, 17:35
Daneshgah, 17:51
Daneshgah, 18:07
Daneshgah, 18:23
Daneshgah, 18:39
Daneshgah, 18:55
Daneshgah, 19:11
Daneshgah, 19:27
Daneshgah, 19:43
Daneshgah, 19:59
Daneshgah, 20:17
Abresan, 06:41
Abresan, 06:57
Abresan, 07:13
Abresan, 07:29
Abresan, 07:45
Abresan, 08:01
Abresan, 08:17
Abresan, 08:33
Abresan, 08:49
Abresan, 09:05
Abresan, 09:21
Abresan, 09:37
Abresan, 09:53
Abresan, 10:09
Abresan, 10:25
Abresan, 10:41
Abresan, 10:57
Abresan, 11:13
Abresan, 11:29
Abresan, 11:45
Abresan, 12:01
Abresan, 12:17
Abresan, 12:33
Abresan, 12:49
Abresan, 13:05
Abresan, 13:21
Abresan, 13:37
Abresan, 13:53
Abresan, 14:09
Abresan, 14:25
Abresan, 14:41
Abresan, 14:57
Abresan, 15:13
Abresan, 15:29
Abresan, 15:45
Abresan, 16:01
Abresan, 16:17
Abresan, 16:33
Abresan, 16:49
Abresan, 17:05
Abresan, 17:21
Abresan, 17:37
Abresan, 17:53
Abresan, 18:09
Abresan, 18:25
Abresan, 18:41
Abresan, 18:57
Abresan, 19:13
Abresan, 19:29
Abresan, 19:45
Abresan, 20:01
Abresan, 20:19
Gotb, 06:43
Gotb, 06:59
Gotb, 07:15
Gotb, 07:31
Gotb, 07:47
Gotb, 08:03
Gotb, 08:19
Gotb, 08:35
Gotb, 08:51
Gotb, 09:07
Gotb, 09:23
Gotb, 09:39
Gotb, 09:55
Gotb, 10:11
Gotb, 10:27
Gotb, 10:43
Gotb, 10:59
Gotb, 11:15
Gotb, 11:31
Gotb, 11:47
Gotb, 12:03
Gotb, 12:19
Gotb, 12:35
Gotb, 12:51
Gotb, 13:07
Gotb, 13:23
Gotb, 13:39
Gotb, 13:55
Gotb, 14:11
Gotb, 14:27
Gotb, 14:43
Gotb, 14:59
Gotb, 15:15
Gotb, 15:31
Gotb, 15:47
Gotb, 16:03
Gotb, 16:19
Gotb, 16:35
Gotb, 16:51
Gotb, 17:07
Gotb, 17:23
Gotb, 17:39
Gotb, 17:55
Gotb, 18:11
Gotb, 18:27
Gotb, 18:43
Gotb, 18:59
Gotb, 19:15
Gotb, 19:31
Gotb, 19:47
Gotb, 20:03
Gotb, 20:21
Shahid Beheshti, 06:45
Shahid Beheshti, 07:01
Shahid Beheshti, 07:17
Shahid Beheshti, 07:33
Shahid Beheshti, 07:49
Shahid Beheshti, 08:05
Shahid Beheshti, 08:21
Shahid Beheshti, 08:37
Shahid Beheshti, 08:53
Shahid Beheshti, 09:09
Shahid Beheshti, 09:25
Shahid Beheshti, 09:41
Shahid Beheshti, 09:57
Shahid Beheshti, 10:13
Shahid Beheshti, 10:29
Shahid Beheshti, 10:45
Shahid Beheshti, 11:01
Shahid Beheshti, 11:17
Shahid Beheshti, 11:33
Shahid Beheshti, 11:49
Shahid Beheshti, 12:05
Shahid Beheshti, 12:21
Shahid Beheshti, 12:37
Shahid Beheshti, 12:53
Shahid Beheshti, 13:09
Shahid Beheshti, 13:25
Shahid Beheshti, 13:41
Shahid Beheshti, 13:57
Shahid Beheshti, 14:13
Shahid Beheshti, 14:29
Shahid Beheshti, 14:45
Shahid Beheshti, 15:01
Shahid Beheshti, 15:17
Shahid Beheshti, 15:33
Shahid Beheshti, 15:49
Shahid Beheshti, 16:05
Shahid Beheshti, 16:21
Shahid Beheshti, 16:37
Shahid Beheshti, 16:53
Shahid Beheshti, 17:09
Shahid Beheshti, 17:25
Shahid Beheshti, 17:41
Shahid Beheshti, 17:57
Shahid Beheshti, 18:13
Shahid Beheshti, 18:29
Shahid Beheshti, 18:45
Shahid Beheshti, 19:01
Shahid Beheshti, 19:17
Shahid Beheshti, 19:33
Shahid Beheshti, 19:49
Shahid Beheshti, 20:05
Shahid Beheshti, 20:23
Meydan Saat, 06:47
Meydan Saat, 07:03
Meydan Saat, 07:19
Meydan Saat, 07:35
Meydan Saat, 07:51
Meydan Saat, 08:07
Meydan Saat, 08:23
Meydan Saat, 08:39
Meydan Saat, 08:55
Meydan Saat, 09:11
Meydan Saat, 09:27
Meydan Saat, 09:43
Meydan Saat, 09:59
Meydan Saat, 10:15
Meydan Saat, 10:31
Meydan Saat, 10:47
Meydan Saat, 11:03
Meydan Saat, 11:19
Meydan Saat, 11:35
Meydan Saat, 11:51
Meydan Saat, 12:07
Meydan Saat, 12:23
Meydan Saat, 12:39
Meydan Saat, 12:55
Meydan Saat, 13:11
Meydan Saat, 13:27
Meydan Saat, 13:43
Meydan Saat, 13:59
Meydan Saat, 14:15
Meydan Saat, 14:31
Meydan Saat, 14:47
Meydan Saat, 15:03
Meydan Saat, 15:19
Meydan Saat, 15:35
Meydan Saat, 15:51
Meydan Saat, 16:07
Meydan Saat, 16:23
Meydan Saat, 16:39
Meydan Saat, 16:55
Meydan Saat, 17:11
Meydan Saat, 17:27
Meydan Saat, 17:43
Meydan Saat, 17:59
Meydan Saat, 18:15
Meydan Saat, 18:31
Meydan Saat, 18:47
Meydan Saat, 19:03
Meydan Saat, 19:19
Meydan Saat, 19:35
Meydan Saat, 19:51
Meydan Saat, 20:07
Meydan Saat, 20:25
Meydan Kohan, 06:49
Meydan Kohan, 07:05
Meydan Kohan, 07:21
Meydan Kohan, 07:37
Meydan Kohan, 07:53
Meydan Kohan, 08:09
Meydan Kohan, 08:25
Meydan Kohan, 08:41
Meydan Kohan, 08:57
Meydan Kohan, 09:13
Meydan Kohan, 09:29
Meydan Kohan, 09:45
Meydan Kohan, 10:01
Meydan Kohan, 10:17
Meydan Kohan, 10:33
Meydan Kohan, 10:49
Meydan Kohan, 11:05
Meydan Kohan, 11:21
Meydan Kohan, 11:37
Meydan Kohan, 11:53
Meydan Kohan, 12:09
Meydan Kohan, 12:25
Meydan Kohan, 12:41
Meydan Kohan, 12:57
Meydan Kohan, 13:13
Meydan Kohan, 13:29
Meydan Kohan, 13:45
Meydan Kohan, 14:01
Meydan Kohan, 14:17
Meydan Kohan, 14:33
Meydan Kohan, 14:49
Meydan Kohan, 15:05
Meydan Kohan, 15:21
Meydan Kohan, 15:37
Meydan Kohan, 15:53
Meydan Kohan, 16:09
Meydan Kohan, 16:25
Meydan Kohan, 16:41
Meydan Kohan, 16:57
Meydan Kohan, 17:13
Meydan Kohan, 17:29
Meydan Kohan, 17:45
Meydan Kohan, 18:01
Meydan Kohan, 18:17
Meydan Kohan, 18:33
Meydan Kohan, 18:49
Meydan Kohan, 19:05
Meydan Kohan, 19:21
Meydan Kohan, 19:37
Meydan Kohan, 19:53
Meydan Kohan, 20:09
Meydan Kohan, 20:27